thr_mid,thr_long,no_bear,rule,val_sharpe,val_psr0,val_dd,val_ret,n_trades_val,ho_sharpe,ho_psr0,ho_dd,ho_ret,n_trades_ho,n_trades_total
0.3,0.4,0.0,OR,1.1057960335250823,0.9423777058036529,-0.24856327239836762,0.43772443710746733,109,0.979700545061782,0.8546908765165089,-0.16273711321483642,0.20464627610759645,80,189
0.3,0.4,-0.1,OR,1.0263366592520689,0.9275101914752975,-0.22760933004626838,0.43369880261390636,144,0.8799915815671454,0.8271938067914526,-0.14298742413656118,0.21568055028681554,115,259
0.3,0.4,-0.05,OR,1.0022451418355391,0.9228385469550153,-0.20979513365942914,0.4099553331759065,135,1.1269264142089113,0.8862487017461647,-0.10717193976447681,0.28377038682527655,108,243
0.3,0.4,off,OR,0.8626434426863522,0.889161254743554,-0.28605676926792056,0.356495191753583,158,-0.14095733133174246,0.4397956422511304,-0.36328297371763807,-0.08116909026467523,139,297
0.35,0.4,0.0,OR,0.7714078001929499,0.8632437482351442,-0.26255728315522997,0.2680806551660255,99,0.9192956923497243,0.8392319225932907,-0.16261801420119903,0.18941015686165175,79,178
0.3,0.45,0.0,OR,0.6875645007936831,0.8355936231970467,-0.2524665885977635,0.23580102506285905,100,0.9196229518161355,0.8399809418943537,-0.1511240486679466,0.1813542032031803,73,173
0.5,0.4,-0.1,LONG,0.6741270957668979,0.8300359904176722,-0.19728028764718442,0.22748687732757134,114,0.9791163764067101,0.8527785118812248,-0.14298742413656118,0.23602352474631294,103,217
0.3,0.4,-0.1,LONG,0.6741270957668979,0.8300359904176722,-0.19728028764718442,0.22748687732757134,114,0.9791163764067101,0.8527785118812248,-0.14298742413656118,0.23602352474631294,103,217
0.35,0.4,-0.1,LONG,0.6741270957668979,0.8300359904176722,-0.19728028764718442,0.22748687732757134,114,0.9791163764067101,0.8527785118812248,-0.14298742413656118,0.23602352474631294,103,217
0.45,0.4,-0.1,LONG,0.6741270957668979,0.8300359904176722,-0.19728028764718442,0.22748687732757134,114,0.9791163764067101,0.8527785118812248,-0.14298742413656118,0.23602352474631294,103,217
0.4,0.4,-0.1,LONG,0.6741270957668979,0.8300359904176722,-0.19728028764718442,0.22748687732757134,114,0.9791163764067101,0.8527785118812248,-0.14298742413656118,0.23602352474631294,103,217
0.35,0.4,0.0,LONG,0.6631551260960513,0.8264563279388658,-0.2334997715696565,0.2034339923001378,86,0.9982654378849277,0.8591420293260887,-0.10819871689671401,0.1987820116376764,71,157
0.45,0.4,0.0,LONG,0.6631551260960513,0.8264563279388658,-0.2334997715696565,0.2034339923001378,86,0.9982654378849277,0.8591420293260887,-0.10819871689671401,0.1987820116376764,71,157
0.4,0.4,0.0,LONG,0.6631551260960513,0.8264563279388658,-0.2334997715696565,0.2034339923001378,86,0.9982654378849277,0.8591420293260887,-0.10819871689671401,0.1987820116376764,71,157
0.5,0.4,0.0,LONG,0.6631551260960513,0.8264563279388658,-0.2334997715696565,0.2034339923001378,86,0.9982654378849277,0.8591420293260887,-0.10819871689671401,0.1987820116376764,71,157
0.3,0.4,0.0,LONG,0.6631551260960513,0.8264563279388658,-0.2334997715696565,0.2034339923001378,86,0.9982654378849277,0.8591420293260887,-0.10819871689671401,0.1987820116376764,71,157
0.3,0.45,-0.1,OR,0.6565532799569185,0.8240473947915125,-0.24956251342161195,0.2395214395402796,131,1.135062340587498,0.8901860606060391,-0.12309032558007993,0.27862887417430127,108,239
0.35,0.4,-0.1,OR,0.6411071792005163,0.818074519472443,-0.2608069898885933,0.2313164810914785,135,0.8264373900241299,0.812133291878988,-0.14298742413656151,0.19886612876048093,114,249
0.35,0.4,-0.05,OR,0.6103079824008284,0.8064174470778891,-0.24375845478563507,0.21214883190806266,126,0.9996416551244093,0.8578242690555999,-0.11751717106273585,0.24285368646596295,106,232
0.3,0.5,0.0,OR,0.5854863536480682,0.7972809846534236,-0.20165243299526558,0.183767060702698,92,0.3180159769709151,0.6339928254326208,-0.12978899535109711,0.04674201936798217,68,160
0.4,0.4,-0.05,LONG,0.5827160391969679,0.7953208283466298,-0.1963290206540168,0.18395562647697905,106,1.227386267648862,0.9053048104149339,-0.11528196379794464,0.2996461790624203,96,202
0.45,0.4,-0.05,LONG,0.5827160391969679,0.7953208283466298,-0.1963290206540168,0.18395562647697905,106,1.227386267648862,0.9053048104149339,-0.11528196379794464,0.2996461790624203,96,202
0.3,0.4,-0.05,LONG,0.5827160391969679,0.7953208283466298,-0.1963290206540168,0.18395562647697905,106,1.227386267648862,0.9053048104149339,-0.11528196379794464,0.2996461790624203,96,202
0.5,0.4,-0.05,LONG,0.5827160391969679,0.7953208283466298,-0.1963290206540168,0.18395562647697905,106,1.227386267648862,0.9053048104149339,-0.11528196379794464,0.2996461790624203,96,202
0.35,0.4,-0.05,LONG,0.5827160391969679,0.7953208283466298,-0.1963290206540168,0.18395562647697905,106,1.227386267648862,0.9053048104149339,-0.11528196379794464,0.2996461790624203,96,202
0.3,0.45,-0.05,OR,0.5686185315684997,0.7899665305529435,-0.21389982982656108,0.1950428784370768,124,1.2546751595316377,0.9127879559566598,-0.10717193976447703,0.29953029422138067,100,224
0.45,0.4,0.0,OR,0.5147601274151112,0.7669435142104373,-0.2625572831552303,0.1520601034452158,93,0.7040494079443869,0.775619501086235,-0.15743658560321439,0.1327343804252925,74,167
0.4,0.4,0.0,OR,0.5146219271742183,0.7668702853803298,-0.2625572831552302,0.1543975854834334,95,0.6512804258457798,0.7581742646194112,-0.16384972900837314,0.12169680663256455,77,172
0.5,0.4,off,LONG,0.4897888042865851,0.7556443373181752,-0.26219363810625573,0.15485909953057986,125,0.17183540859476512,0.5730023135055635,-0.2994096644805977,0.013677913362030614,122,247
0.45,0.4,off,LONG,0.4897888042865851,0.7556443373181752,-0.26219363810625573,0.15485909953057986,125,0.17183540859476512,0.5730023135055635,-0.2994096644805977,0.013677913362030614,122,247
0.3,0.4,off,LONG,0.4897888042865851,0.7556443373181752,-0.26219363810625573,0.15485909953057986,125,0.17183540859476512,0.5730023135055635,-0.2994096644805977,0.013677913362030614,122,247
0.4,0.4,off,LONG,0.4897888042865851,0.7556443373181752,-0.26219363810625573,0.15485909953057986,125,0.17183540859476512,0.5730023135055635,-0.2994096644805977,0.013677913362030614,122,247
0.35,0.4,off,LONG,0.4897888042865851,0.7556443373181752,-0.26219363810625573,0.15485909953057986,125,0.17183540859476512,0.5730023135055635,-0.2994096644805977,0.013677913362030614,122,247
0.3,0.45,off,OR,0.4882396089138282,0.7553376862469268,-0.31520580458984737,0.16648102357521677,144,-0.01720856785672213,0.49263350606698547,-0.3057111693060106,-0.04059251902642336,128,272
0.3,0.5,-0.1,OR,0.43523402079642254,0.731370601055352,-0.23787073921276314,0.13217131793085302,118,0.8056389534711205,0.807985384592212,-0.11509861093303042,0.17550980381112913,99,217
0.35,0.4,off,OR,0.42429680104748957,0.7258177898635876,-0.33352534175821813,0.13639458794817205,147,-0.2782798717361969,0.38226462663095395,-0.3802358129553005,-0.1178952050879093,136,283
0.5,0.4,0.0,OR,0.4124688938130034,0.7203610729176758,-0.2625572831552303,0.11174262639816024,89,0.996654269185533,0.85873087975663,-0.10819871689671334,0.1989293109785617,72,161
0.4,0.4,-0.1,OR,0.4064361485878972,0.7172952668395333,-0.24687877065852526,0.1224619627915291,129,0.6179205987379965,0.7460248330459234,-0.14298742413656151,0.13465215516626583,110,239
0.3,0.5,-0.05,OR,0.38448450281018465,0.7071573448015028,-0.21471386405178228,0.1100284594359564,112,1.036207915331505,0.8692620459700487,-0.10542531025384583,0.23013882326211021,93,205
0.45,0.4,-0.1,OR,0.3727646124374549,0.7009818060287005,-0.24578577434239057,0.10773856724819675,127,0.6602279887356557,0.7603108624764734,-0.1429874241365614,0.14581721048038765,107,234
0.5,0.4,-0.1,OR,0.36567142798767616,0.6975024430806196,-0.2457857743423908,0.10328979366819824,122,0.9782272770738752,0.8525565185932709,-0.1429874241365613,0.2361754001070906,104,226
0.4,0.4,-0.05,OR,0.314980588178757,0.6720558603826912,-0.24375845478563507,0.08409467837240281,121,0.8453111249248904,0.8171625338500634,-0.11751717106273563,0.19305685409947548,103,224
0.3,0.3,0.0,OR,0.29019025961028383,0.6592191651252575,-0.2427896161186216,0.07845417145001088,133,0.3967532208935242,0.6647437104399451,-0.18664071071376753,0.07108720559680792,95,228
0.45,0.4,-0.05,OR,0.27970631375794036,0.6538227244628929,-0.24266092999039035,0.06991044845354821,119,0.891039024545367,0.8298108399761299,-0.11751717106273574,0.20479661567156615,100,219
0.5,0.4,-0.05,OR,0.26823929831495147,0.6478285623060892,-0.24266092999039046,0.06479506522041367,114,1.2258923659766945,0.9050334200440056,-0.11528196379794431,0.299805872003841,97,211
0.3,0.5,off,OR,0.2631771704603843,0.6452784894717079,-0.3045367491982106,0.06545664776262039,131,0.026154895141298203,0.5111911081438438,-0.23770417889084172,-0.026869623187971703,119,250
0.35,0.45,0.0,OR,0.23828369155151324,0.6320332660489998,-0.28657072981568354,0.05356204643854379,89,1.0290890031018352,0.8674386568376755,-0.15786856204843347,0.20399002991403692,68,157
0.4,0.4,off,OR,0.18786475410920178,0.6047456993207736,-0.320967315607677,0.0359316384389492,141,-0.318154451497583,0.3659354951363815,-0.34799752430879727,-0.12355216960665916,130,271
0.45,0.45,-0.1,LONG,0.18454458505874027,0.6029672324068247,-0.2512246699802394,0.03435307011882127,95,1.4464187940571651,0.9420394518866251,-0.09217941359385362,0.34129185528936157,87,182
0.3,0.45,-0.1,LONG,0.18454458505874027,0.6029672324068247,-0.2512246699802394,0.03435307011882127,95,1.4464187940571651,0.9420394518866251,-0.09217941359385362,0.34129185528936157,87,182
0.5,0.45,-0.1,LONG,0.18454458505874027,0.6029672324068247,-0.2512246699802394,0.03435307011882127,95,1.4464187940571651,0.9420394518866251,-0.09217941359385362,0.34129185528936157,87,182
0.35,0.45,-0.1,LONG,0.18454458505874027,0.6029672324068247,-0.2512246699802394,0.03435307011882127,95,1.4464187940571651,0.9420394518866251,-0.09217941359385362,0.34129185528936157,87,182
0.4,0.45,-0.1,LONG,0.18454458505874027,0.6029672324068247,-0.2512246699802394,0.03435307011882127,95,1.4464187940571651,0.9420394518866251,-0.09217941359385362,0.34129185528936157,87,182
0.35,0.45,-0.1,OR,0.15445079367869738,0.5864842227844058,-0.3015749705728804,0.023184949769504914,120,1.2191078535875686,0.9065776588062557,-0.1230903255800797,0.29818239166944527,101,221
0.45,0.4,off,OR,0.15251716870898602,0.5853848639231942,-0.3199818431582756,0.022343265937971424,139,-0.10920589829695451,0.45330914581716625,-0.34158177506539167,-0.06525793833158366,126,265
0.4,0.45,-0.05,LONG,0.1472272665008893,0.5825036796246852,-0.23014690706160223,0.021682288576478026,89,1.550267202145313,0.9542200168846366,-0.08564278155212302,0.352128063056276,81,170
0.3,0.45,-0.05,LONG,0.1472272665008893,0.5825036796246852,-0.23014690706160223,0.021682288576478026,89,1.550267202145313,0.9542200168846366,-0.08564278155212302,0.352128063056276,81,170
0.45,0.45,-0.05,LONG,0.1472272665008893,0.5825036796246852,-0.23014690706160223,0.021682288576478026,89,1.550267202145313,0.9542200168846366,-0.08564278155212302,0.352128063056276,81,170
0.35,0.45,-0.05,LONG,0.1472272665008893,0.5825036796246852,-0.23014690706160223,0.021682288576478026,89,1.550267202145313,0.9542200168846366,-0.08564278155212302,0.352128063056276,81,170
0.5,0.45,-0.05,LONG,0.1472272665008893,0.5825036796246852,-0.23014690706160223,0.021682288576478026,89,1.550267202145313,0.9542200168846366,-0.08564278155212302,0.352128063056276,81,170
0.5,0.4,off,OR,0.14085167705770685,0.5789466153474081,-0.3199818431582757,0.018237447249638494,134,0.15379048894131792,0.5654208861902493,-0.30310501526386713,0.008455041092840565,123,257
0.3,0.35,0.0,OR,0.12625164930705537,0.5708454573084791,-0.2596793962328807,0.012423715848911332,116,0.41736510175956626,0.6727633268899976,-0.184087462092848,0.07378240444721174,90,206
0.45,0.45,0.0,LONG,0.11560123595623209,0.5649696619550715,-0.26791657007804504,0.011949296875911175,74,1.161118933881649,0.8963068645645285,-0.1156216963374167,0.21928521502882292,59,133
0.35,0.45,0.0,LONG,0.11560123595623209,0.5649696619550715,-0.26791657007804504,0.011949296875911175,74,1.161118933881649,0.8963068645645285,-0.1156216963374167,0.21928521502882292,59,133
0.4,0.45,0.0,LONG,0.11560123595623209,0.5649696619550715,-0.26791657007804504,0.011949296875911175,74,1.161118933881649,0.8963068645645285,-0.1156216963374167,0.21928521502882292,59,133
0.3,0.45,0.0,LONG,0.11560123595623209,0.5649696619550715,-0.26791657007804504,0.011949296875911175,74,1.161118933881649,0.8963068645645285,-0.1156216963374167,0.21928521502882292,59,133
0.5,0.45,0.0,LONG,0.11560123595623209,0.5649696619550715,-0.26791657007804504,0.011949296875911175,74,1.161118933881649,0.8963068645645285,-0.1156216963374167,0.21928521502882292,59,133
0.3,0.3,0.0,MID,0.11287428484208865,0.5634803181022149,-0.20981752825969013,0.011047035839272912,83,0.25254691319749895,0.6070941413309442,-0.116560236602125,0.032957538173043144,63,146
0.3,0.5,0.0,MID,0.11287428484208865,0.5634803181022149,-0.20981752825969013,0.011047035839272912,83,0.25254691319749895,0.6070941413309442,-0.116560236602125,0.032957538173043144,63,146
0.3,0.45,0.0,MID,0.11287428484208865,0.5634803181022149,-0.20981752825969013,0.011047035839272912,83,0.25254691319749895,0.6070941413309442,-0.116560236602125,0.032957538173043144,63,146
0.3,0.35,0.0,MID,0.11287428484208865,0.5634803181022149,-0.20981752825969013,0.011047035839272912,83,0.25254691319749895,0.6070941413309442,-0.116560236602125,0.032957538173043144,63,146
0.3,0.4,0.0,MID,0.11287428484208865,0.5634803181022149,-0.20981752825969013,0.011047035839272912,83,0.25254691319749895,0.6070941413309442,-0.116560236602125,0.032957538173043144,63,146
0.3,0.35,-0.1,AND,0.1104693741423734,0.5620860830751966,-0.18502557970954225,0.010822080988474925,80,0.7222090977277025,0.7825982909944569,-0.11579077981194974,0.1422687678713601,78,158
0.35,0.45,-0.05,OR,0.07449900509799949,0.5419736969650737,-0.2683840502300152,-0.006105487597778292,114,1.3488556632472875,0.9281549324026526,-0.10623956458998296,0.3193373836518263,93,207
0.35,0.5,0.0,OR,0.06633670819912876,0.5373949053721272,-0.23325788325440755,-0.00462174320640707,82,0.7465806012178076,0.7906494340536425,-0.11563766557166733,0.13730896369232104,62,144
0.4,0.45,0.0,OR,0.05889504519819339,0.533201909848893,-0.28021402135023155,-0.007261708727388516,85,0.7446568028464108,0.7891366837603868,-0.14702187705452618,0.13372362072210886,65,150
0.35,0.45,off,LONG,0.0574434369517679,0.5323827718339571,-0.32056348416449165,-0.010140321684582343,105,0.4544942057961714,0.6864751976070977,-0.2230526907476521,0.09148583300000857,102,207
0.4,0.45,off,LONG,0.0574434369517679,0.5323827718339571,-0.32056348416449165,-0.010140321684582343,105,0.4544942057961714,0.6864751976070977,-0.2230526907476521,0.09148583300000857,102,207
0.5,0.45,off,LONG,0.0574434369517679,0.5323827718339571,-0.32056348416449165,-0.010140321684582343,105,0.4544942057961714,0.6864751976070977,-0.2230526907476521,0.09148583300000857,102,207
0.45,0.45,off,LONG,0.0574434369517679,0.5323827718339571,-0.32056348416449165,-0.010140321684582343,105,0.4544942057961714,0.6864751976070977,-0.2230526907476521,0.09148583300000857,102,207
0.3,0.45,off,LONG,0.0574434369517679,0.5323827718339571,-0.32056348416449165,-0.010140321684582343,105,0.4544942057961714,0.6864751976070977,-0.2230526907476521,0.09148583300000857,102,207
0.35,0.3,0.0,OR,0.03847792484729419,0.5217056130866992,-0.24108731415988705,-0.022573921358935323,127,0.3733935678054345,0.6555624365619419,-0.19275392729664398,0.06536940541229885,95,222
0.3,0.5,-0.1,MID,0.004588680580124728,0.5025900765776738,-0.22443115787119328,-0.025935362860649014,106,0.78104667788613,0.8007578691189283,-0.10542531025384583,0.1629003366519155,87,193
0.3,0.4,-0.1,MID,0.004588680580124728,0.5025900765776738,-0.22443115787119328,-0.025935362860649014,106,0.78104667788613,0.8007578691189283,-0.10542531025384583,0.1629003366519155,87,193
0.3,0.3,-0.1,MID,0.004588680580124728,0.5025900765776738,-0.22443115787119328,-0.025935362860649014,106,0.78104667788613,0.8007578691189283,-0.10542531025384583,0.1629003366519155,87,193
0.3,0.35,-0.1,MID,0.004588680580124728,0.5025900765776738,-0.22443115787119328,-0.025935362860649014,106,0.78104667788613,0.8007578691189283,-0.10542531025384583,0.1629003366519155,87,193
0.3,0.45,-0.1,MID,0.004588680580124728,0.5025900765776738,-0.22443115787119328,-0.025935362860649014,106,0.78104667788613,0.8007578691189283,-0.10542531025384583,0.1629003366519155,87,193
0.3,0.35,off,AND,0.00391190509991257,0.50220803351013,-0.17634229677133506,-0.021458277226048872,87,0.1372100950792271,0.5584688712965785,-0.22420604517705367,0.007306848651869258,92,179
0.35,0.35,0.0,OR,-0.023299411460878428,0.48684964341135817,-0.2741345296989893,-0.04151768540483225,109,0.39285115075974125,0.6632130875189315,-0.1902198689179887,0.06805021644404241,90,199
0.4,0.45,-0.1,OR,-0.04660122958193506,0.47371138603101204,-0.2820746440500761,-0.04697196581716756,113,1.0011653338164799,0.8603425012684596,-0.10623956458998285,0.2235618141584894,94,207
0.5,0.35,0.0,LONG,-0.04991355150522173,0.47184442662690795,-0.2660044254587922,-0.04756152542067449,101,0.5144962467667754,0.7093729312425816,-0.15716277212796737,0.09536825917766967,86,187
0.4,0.35,0.0,LONG,-0.04991355150522173,0.47184442662690795,-0.2660044254587922,-0.04756152542067449,101,0.5144962467667754,0.7093729312425816,-0.15716277212796737,0.09536825917766967,86,187
0.35,0.35,0.0,LONG,-0.04991355150522173,0.47184442662690795,-0.2660044254587922,-0.04756152542067449,101,0.5144962467667754,0.7093729312425816,-0.15716277212796737,0.09536825917766967,86,187
0.3,0.35,0.0,LONG,-0.04991355150522173,0.47184442662690795,-0.2660044254587922,-0.04756152542067449,101,0.5144962467667754,0.7093729312425816,-0.15716277212796737,0.09536825917766967,86,187
0.45,0.35,0.0,LONG,-0.04991355150522173,0.47184442662690795,-0.2660044254587922,-0.04756152542067449,101,0.5144962467667754,0.7093729312425816,-0.15716277212796737,0.09536825917766967,86,187
0.3,0.3,-0.1,AND,-0.057677658021299656,0.4674826256022352,-0.20316231435027932,-0.041867369612243466,91,0.6144575641354026,0.7464822414068,-0.10542531025384605,0.11758609187432101,82,173
0.3,0.35,0.0,AND,-0.06465589504732897,0.46355794503370273,-0.16815100116419857,-0.03603016900741329,62,0.08202998262863716,0.5351027919292687,-0.12679668536250444,0.0005851709650801507,55,117
0.3,0.3,off,OR,-0.06502213222134803,0.46334031348133675,-0.295627051576017,-0.07982833553398727,198,0.4320132113130328,0.6783087084575856,-0.3070645796237268,0.10266977594839721,167,365
0.3,0.3,-0.05,OR,-0.06805604703539303,0.4616389545774805,-0.22162033803817516,-0.07090792911780408,166,0.890262002981509,0.8302518422641576,-0.13451873388242963,0.23172496162397516,126,292
0.35,0.45,off,OR,-0.06857630997963474,0.46134819854899584,-0.378323468308171,-0.06075929360474264,131,0.11678609732043031,0.5498005660056882,-0.28420553897474443,-0.0015737144611703835,119,250
0.3,0.3,-0.1,OR,-0.06888852813450781,0.4611665866398379,-0.27333641487380167,-0.07673802918071371,179,0.7765205095997687,0.7975929321473318,-0.13451873388242963,0.2017675778161414,135,314
0.3,0.3,off,MID,-0.07035682917669583,0.4603589829908426,-0.25291436249771715,-0.051711251585332185,116,-0.10495518224336224,0.45512691078701273,-0.2242060451770539,-0.058177982012739715,105,221
0.3,0.5,off,MID,-0.07035682917669583,0.4603589829908426,-0.25291436249771715,-0.051711251585332185,116,-0.10495518224336224,0.45512691078701273,-0.2242060451770539,-0.058177982012739715,105,221
0.3,0.4,off,MID,-0.07035682917669583,0.4603589829908426,-0.25291436249771715,-0.051711251585332185,116,-0.10495518224336224,0.45512691078701273,-0.2242060451770539,-0.058177982012739715,105,221
0.3,0.35,off,MID,-0.07035682917669583,0.4603589829908426,-0.25291436249771715,-0.051711251585332185,116,-0.10495518224336224,0.45512691078701273,-0.2242060451770539,-0.058177982012739715,105,221
0.3,0.45,off,MID,-0.07035682917669583,0.4603589829908426,-0.25291436249771715,-0.051711251585332185,116,-0.10495518224336224,0.45512691078701273,-0.2242060451770539,-0.058177982012739715,105,221
0.3,0.35,-0.05,AND,-0.07424335412137863,0.45816497020872593,-0.22744305354181948,-0.04178879623897902,75,0.8118184438218081,0.8103464203015622,-0.11579077981194996,0.15733812830733385,72,147
0.4,0.35,0.0,OR,-0.08880194283983091,0.44998470054536943,-0.2777860228545608,-0.06272748854830024,107,0.3184185076352198,0.6335965531040437,-0.1902198689179888,0.050144887490495726,89,196
0.4,0.3,0.0,LONG,-0.09699230156956515,0.44541279892187985,-0.23574531027076095,-0.06917904557280463,122,0.1313401962663928,0.556020493115636,-0.20302133153123803,0.007307422859575308,94,216
0.5,0.3,0.0,LONG,-0.09699230156956515,0.44541279892187985,-0.23574531027076095,-0.06917904557280463,122,0.1313401962663928,0.556020493115636,-0.20302133153123803,0.007307422859575308,94,216
0.35,0.3,0.0,LONG,-0.09699230156956515,0.44541279892187985,-0.23574531027076095,-0.06917904557280463,122,0.1313401962663928,0.556020493115636,-0.20302133153123803,0.007307422859575308,94,216
0.45,0.3,0.0,LONG,-0.09699230156956515,0.44541279892187985,-0.23574531027076095,-0.06917904557280463,122,0.1313401962663928,0.556020493115636,-0.20302133153123803,0.007307422859575308,94,216
0.3,0.3,0.0,LONG,-0.09699230156956515,0.44541279892187985,-0.23574531027076095,-0.06917904557280463,122,0.1313401962663928,0.556020493115636,-0.20302133153123803,0.007307422859575308,94,216
0.3,0.4,-0.05,MID,-0.10216981991028207,0.44254720409927895,-0.20981752825969024,-0.05846745493241878,100,0.9346033599790099,0.8443215331081391,-0.10542531025384594,0.1959831694117058,82,182
0.3,0.35,-0.05,MID,-0.10216981991028207,0.44254720409927895,-0.20981752825969024,-0.05846745493241878,100,0.9346033599790099,0.8443215331081391,-0.10542531025384594,0.1959831694117058,82,182
0.3,0.3,-0.05,MID,-0.10216981991028207,0.44254720409927895,-0.20981752825969024,-0.05846745493241878,100,0.9346033599790099,0.8443215331081391,-0.10542531025384594,0.1959831694117058,82,182
0.3,0.5,-0.05,MID,-0.10216981991028207,0.44254720409927895,-0.20981752825969024,-0.05846745493241878,100,0.9346033599790099,0.8443215331081391,-0.10542531025384594,0.1959831694117058,82,182
0.3,0.45,-0.05,MID,-0.10216981991028207,0.44254720409927895,-0.20981752825969024,-0.05846745493241878,100,0.9346033599790099,0.8443215331081391,-0.10542531025384594,0.1959831694117058,82,182
0.4,0.3,0.0,OR,-0.110070243620349,0.4380977624425703,-0.24108731415988682,-0.07522696912593763,124,0.1872601845720335,0.5795857299088397,-0.1927539272966442,0.020284473448491935,95,219
0.3,0.4,-0.1,AND,-0.11481235856055652,0.43544066634176337,-0.18376041679732524,-0.05052015603444204,70,0.7466067120748868,0.7899806328616945,-0.10585462464134554,0.14544310656520154,71,141
0.5,0.3,0.0,OR,-0.11494353022662539,0.435388243979276,-0.24108731415988682,-0.07568531792605859,122,0.10195122520164103,0.5435444410780245,-0.2083840182936385,0.0005294821242034509,94,216
0.3,0.35,-0.1,OR,-0.12873320592637752,0.42769398822448634,-0.23903542890522678,-0.0894946425793477,155,0.6438816144457136,0.7549040373431162,-0.13541112501167185,0.14734777287982315,126,281
0.45,0.45,0.0,OR,-0.133226619042791,0.42522072830506175,-0.29490870249171275,-0.06673412875235007,83,0.6459732920710759,0.7569891493516792,-0.1685974753274604,0.11222895275896017,62,145
0.3,0.3,-0.05,AND,-0.14071239608729996,0.42111635973429407,-0.2364571599452845,-0.0646024828544488,84,0.7846423225260042,0.8020869609631803,-0.10542531025384583,0.1534307296333266,77,161
0.35,0.5,-0.1,OR,-0.14802894025465227,0.41705073118166097,-0.28620926083835396,-0.07822997495537354,108,1.0432648987831519,0.8710036025035022,-0.10449111108426579,0.23669881738256549,90,198
0.3,0.3,off,AND,-0.1558399256111973,0.4127601227138264,-0.22975914027053834,-0.07246510298951114,98,0.05023786214307658,0.5214862335714249,-0.22420604517705378,-0.014459507283085538,96,194
0.3,0.35,off,OR,-0.16172073901658696,0.4094319604893878,-0.2628345952881027,-0.10759537513855322,172,0.08449582109073887,0.5360874401830353,-0.34238790376417316,-0.018434015306653118,154,326
0.3,0.35,-0.05,OR,-0.1835961223843869,0.39743524200282265,-0.22148476077802026,-0.10690970774537467,146,0.8580945023338581,0.8210089077248861,-0.13541112501167185,0.20582343044611795,118,264
0.4,0.45,-0.05,OR,-0.18670070429697444,0.39578566790378444,-0.26186529708135153,-0.09143816193051646,108,1.078364160578465,0.878162399886735,-0.10623956458998318,0.2334468887465433,88,196
0.35,0.5,-0.05,OR,-0.18881499015403358,0.3946937595762088,-0.2522881231832187,-0.08945534242445596,103,1.2193599287917436,0.9074561870472616,-0.1044911110842659,0.27629988008817796,85,188
0.3,0.3,0.0,AND,-0.19045757826853738,0.3938762335393272,-0.20694632534608215,-0.07145258133724475,68,-0.035492228130469226,0.48481833988979073,-0.1270257110037576,-0.021035939825155725,59,127
0.45,0.35,0.0,OR,-0.19676831638899586,0.3902349962566912,-0.2777860228545608,-0.09793185186450337,106,0.37838719669708715,0.6574974349240882,-0.18146129933103228,0.06378940318645898,87,193
0.35,0.45,off,AND,-0.2068289542227684,0.38487210977300845,-0.17669061238267125,-0.0642688044616665,62,0.8496918412798179,0.8200032791264286,-0.12916309552634686,0.1788089390480656,72,134
0.5,0.35,0.0,OR,-0.2078276674570902,0.3842705913478558,-0.2938297073307454,-0.10006832381094855,103,0.5144962467667739,0.7093729312425809,-0.15716277212796714,0.09536825917766922,86,189
0.5,0.45,0.0,OR,-0.2118855323776751,0.382112039249235,-0.30105941040620343,-0.08629813691955446,78,1.1270063857131516,0.8893365071781405,-0.11562169633741659,0.21304762550883716,61,139
0.45,0.3,0.0,OR,-0.21255117875696206,0.38171649177542655,-0.24108731415988705,-0.10996184651340446,123,0.10195122520164229,0.543544441078025,-0.20838401829363862,0.0005294821242036729,94,217
0.3,0.4,off,AND,-0.22310133090096157,0.37599908500092516,-0.17506365396667445,-0.08084156477405535,77,0.16917365453899577,0.571918869405166,-0.2242060451770539,0.015462313427407004,85,162
0.5,0.45,-0.1,OR,-0.22971861867210486,0.3724621325753652,-0.30185440600359104,-0.10172766466995409,103,1.4172396428529375,0.9381847960091141,-0.09217941359385362,0.33443010717934496,89,192
0.35,0.35,-0.1,LONG,-0.24117152504913272,0.36629014944364213,-0.23132088600870981,-0.12187566938694883,136,0.8468897809488789,0.8178048758383679,-0.12519600148323917,0.20481219789084326,122,258
0.4,0.35,-0.1,LONG,-0.24117152504913272,0.36629014944364213,-0.23132088600870981,-0.12187566938694883,136,0.8468897809488789,0.8178048758383679,-0.12519600148323917,0.20481219789084326,122,258
0.45,0.35,-0.1,LONG,-0.24117152504913272,0.36629014944364213,-0.23132088600870981,-0.12187566938694883,136,0.8468897809488789,0.8178048758383679,-0.12519600148323917,0.20481219789084326,122,258
0.3,0.35,-0.1,LONG,-0.24117152504913272,0.36629014944364213,-0.23132088600870981,-0.12187566938694883,136,0.8468897809488789,0.8178048758383679,-0.12519600148323917,0.20481219789084326,122,258
0.5,0.35,-0.1,LONG,-0.24117152504913272,0.36629014944364213,-0.23132088600870981,-0.12187566938694883,136,0.8468897809488789,0.8178048758383679,-0.12519600148323917,0.20481219789084326,122,258
0.3,0.45,-0.1,AND,-0.2412511956706783,0.3663087473032409,-0.1739114573291921,-0.07972549475003743,64,0.9475923533888706,0.8475741655139357,-0.09442797775137657,0.1880619608807519,66,130
0.35,0.35,off,AND,-0.24152491615006963,0.3661587363933138,-0.19968059784981673,-0.07960044709251579,76,0.7572965400960612,0.7929280117536999,-0.12916309552634697,0.16186010878123036,80,156
0.45,0.45,-0.1,OR,-0.25085641764198785,0.36118797348464293,-0.2957106940853059,-0.11183377730533928,109,0.9179060896762845,0.8392984577449745,-0.10623956458998296,0.20036387204366135,91,200
0.35,0.35,0.0,AND,-0.2620893083691185,0.35546132647862455,-0.18615724539470124,-0.07787497190842396,54,0.9757839551761224,0.8561392869486236,-0.07739912165695084,0.17408628792328806,49,103
0.4,0.45,off,OR,-0.27291503365726955,0.34952951710341396,-0.3609659927756874,-0.12516038841070343,124,-0.01165793874044665,0.4950096130199931,-0.25627316037415815,-0.033848252358739006,111,235
0.5,0.45,-0.05,OR,-0.2748702018521055,0.34854585544822436,-0.2822018523964106,-0.11220449299362201,97,1.518736439415427,0.9507364471366654,-0.08553043067072619,0.34521087933925587,83,180
0.3,0.4,0.0,AND,-0.2784860719894691,0.34671681114891706,-0.1640737910687975,-0.08492850363272186,55,0.314088265187748,0.6323339842547391,-0.1021548233199665,0.04294679529789436,49,104
0.3,0.45,off,AND,-0.28257632799852894,0.34449731407923434,-0.2087231875257336,-0.09232011387854389,71,0.39481468881127524,0.6634749934190124,-0.1874392166216351,0.070790014125651,78,149
0.5,0.35,off,LONG,-0.29436054698679737,0.33823873665211135,-0.26194780913139204,-0.14694545324652508,151,0.5173823136928221,0.7098150336252251,-0.284260691569323,0.12479394495946883,145,296
0.3,0.35,off,LONG,-0.29436054698679737,0.33823873665211135,-0.26194780913139204,-0.14694545324652508,151,0.5173823136928221,0.7098150336252251,-0.284260691569323,0.12479394495946883,145,296
0.45,0.35,off,LONG,-0.29436054698679737,0.33823873665211135,-0.26194780913139204,-0.14694545324652508,151,0.5173823136928221,0.7098150336252251,-0.284260691569323,0.12479394495946883,145,296
0.4,0.35,off,LONG,-0.29436054698679737,0.33823873665211135,-0.26194780913139204,-0.14694545324652508,151,0.5173823136928221,0.7098150336252251,-0.284260691569323,0.12479394495946883,145,296
0.35,0.35,off,LONG,-0.29436054698679737,0.33823873665211135,-0.26194780913139204,-0.14694545324652508,151,0.5173823136928221,0.7098150336252251,-0.284260691569323,0.12479394495946883,145,296
0.35,0.4,off,AND,-0.2985634540488708,0.3361536684691152,-0.20713133108698678,-0.08761985178501297,65,0.7073220114132236,0.7768037681499598,-0.1291630955263472,0.1457027007291678,74,139
0.35,0.35,-0.1,AND,-0.3009386042344514,0.3349101360584647,-0.21092471500103516,-0.09253163477960247,70,1.03447907936667,0.8697314935225202,-0.09152340181707819,0.21471685806324703,70,140
0.3,0.4,-0.05,AND,-0.31664643047140323,0.3268241332040007,-0.22624373934017072,-0.0999383162036035,65,0.9091127364533713,0.8373070547705335,-0.10585462464134521,0.17710326657162678,66,131
0.35,0.45,0.0,AND,-0.3266615213507221,0.3223803030715089,-0.17607114011042924,-0.08232233039857662,44,1.2717792241402484,0.917335170772082,-0.07739912165695084,0.22637435745996526,44,88
0.35,0.35,-0.1,OR,-0.32903790959224877,0.32050785357677725,-0.27241171460280356,-0.15993920819412744,149,0.6222810881221761,0.7475538227864247,-0.13541112501167185,0.1409203917141475,126,275
0.4,0.5,0.0,OR,-0.33647348443035524,0.31682620992270694,-0.2512020710737657,-0.11681058371577857,73,0.7263557298132052,0.7831472789305578,-0.09154901051662634,0.12243736393036375,54,127
0.35,0.4,0.0,AND,-0.34157575618054,0.3145934449768966,-0.17640283185277572,-0.08835537355688461,47,0.9330238947664888,0.844291778844693,-0.07739912165695095,0.15952066285161526,45,92
0.4,0.35,-0.1,OR,-0.3463089113210227,0.3117613845925327,-0.2624312832831702,-0.16299158262896185,146,0.6304499415878485,0.7502886205785337,-0.13541112501167185,0.1418529729833562,124,270
0.35,0.45,-0.1,AND,-0.3490154329958419,0.31059081811900924,-0.19450205299985512,-0.09448528973506665,56,1.2728474743588485,0.917080600682307,-0.06589750717318266,0.2629971430272702,63,119
0.35,0.35,-0.05,LONG,-0.3519566435528062,0.3088859337279358,-0.23857572146174133,-0.15495705948846772,128,1.0020209397905786,0.8583011218864407,-0.1251960014832394,0.2430523723392206,113,241
0.3,0.35,-0.05,LONG,-0.3519566435528062,0.3088859337279358,-0.23857572146174133,-0.15495705948846772,128,1.0020209397905786,0.8583011218864407,-0.1251960014832394,0.2430523723392206,113,241
0.4,0.35,-0.05,LONG,-0.3519566435528062,0.3088859337279358,-0.23857572146174133,-0.15495705948846772,128,1.0020209397905786,0.8583011218864407,-0.1251960014832394,0.2430523723392206,113,241
0.45,0.35,-0.05,LONG,-0.3519566435528062,0.3088859337279358,-0.23857572146174133,-0.15495705948846772,128,1.0020209397905786,0.8583011218864407,-0.1251960014832394,0.2430523723392206,113,241
0.5,0.35,-0.05,LONG,-0.3519566435528062,0.3088859337279358,-0.23857572146174133,-0.15495705948846772,128,1.0020209397905786,0.8583011218864407,-0.1251960014832394,0.2430523723392206,113,241
0.35,0.3,-0.1,OR,-0.3521849017395827,0.3088545789368972,-0.28977883832944074,-0.18482038310949478,174,0.7960258084789009,0.8034123560396402,-0.13451873388242952,0.20812381530019342,136,310
0.35,0.4,-0.1,AND,-0.36296678640064267,0.30342755836149377,-0.21827076888499153,-0.10043837054816296,59,0.9630490834529309,0.8517483992506716,-0.0915234018170783,0.19150632397451495,64,123
0.35,0.3,-0.05,OR,-0.3631245194300478,0.3035100619401889,-0.2392329558618833,-0.1788434886733008,161,0.9107854051167628,0.8357220286027423,-0.13451873388242963,0.23823964592369995,127,288
0.35,0.45,0.0,MID,-0.3758440861898151,0.2976068546424634,-0.2033454163282441,-0.11626536630600304,67,1.0330363433976428,0.8696667848018653,-0.08100469535509025,0.1950536369635778,55,122
0.35,0.4,0.0,MID,-0.3758440861898151,0.2976068546424634,-0.2033454163282441,-0.11626536630600304,67,1.0330363433976428,0.8696667848018653,-0.08100469535509025,0.1950536369635778,55,122
0.35,0.3,0.0,MID,-0.3758440861898151,0.2976068546424634,-0.2033454163282441,-0.11626536630600304,67,1.0330363433976428,0.8696667848018653,-0.08100469535509025,0.1950536369635778,55,122
0.35,0.5,0.0,MID,-0.3758440861898151,0.2976068546424634,-0.2033454163282441,-0.11626536630600304,67,1.0330363433976428,0.8696667848018653,-0.08100469535509025,0.1950536369635778,55,122
0.35,0.35,0.0,MID,-0.3758440861898151,0.2976068546424634,-0.2033454163282441,-0.11626536630600304,67,1.0330363433976428,0.8696667848018653,-0.08100469535509025,0.1950536369635778,55,122
0.35,0.5,off,OR,-0.3759129427399348,0.29728730988708807,-0.364646264983171,-0.15385392479441495,119,0.178053934650332,0.575629770514609,-0.21374060759389524,0.016171721452840293,108,227
0.35,0.35,-0.05,OR,-0.3857482090533537,0.2922463864421109,-0.255630827534857,-0.17517388797622813,140,0.7639511262048458,0.7934130694470132,-0.13541112501167185,0.17713267018147993,117,257
0.4,0.3,-0.05,LONG,-0.38699312823909116,0.2917372131299212,-0.23961954525605877,-0.18087271143647654,154,0.7496488526732774,0.7893972206127411,-0.13451873388242963,0.1836728034019981,125,279
0.3,0.3,-0.05,LONG,-0.38699312823909116,0.2917372131299212,-0.23961954525605877,-0.18087271143647654,154,0.7496488526732774,0.7893972206127411,-0.13451873388242963,0.1836728034019981,125,279
0.5,0.3,-0.05,LONG,-0.38699312823909116,0.2917372131299212,-0.23961954525605877,-0.18087271143647654,154,0.7496488526732774,0.7893972206127411,-0.13451873388242963,0.1836728034019981,125,279
0.45,0.3,-0.05,LONG,-0.38699312823909116,0.2917372131299212,-0.23961954525605877,-0.18087271143647654,154,0.7496488526732774,0.7893972206127411,-0.13451873388242963,0.1836728034019981,125,279
0.35,0.3,-0.05,LONG,-0.38699312823909116,0.2917372131299212,-0.23961954525605877,-0.18087271143647654,154,0.7496488526732774,0.7893972206127411,-0.13451873388242963,0.1836728034019981,125,279
0.3,0.45,0.0,AND,-0.3909273388786639,0.29020881507933083,-0.18383003804536724,-0.10713834803309974,50,0.7583600732446828,0.7940539159814441,-0.09068089516631594,0.12552690561644697,47,97
0.5,0.45,off,OR,-0.3934778963197935,0.28846510008773646,-0.37857219715103374,-0.15674257864639396,114,0.41308183602166854,0.6706613297347177,-0.2311989847418786,0.08017431120653362,104,218
0.3,0.3,-0.1,LONG,-0.3955267391589424,0.28747346151922176,-0.28374158389384774,-0.1943922679614173,168,0.6397636209830901,0.7537614916399797,-0.13451873388242963,0.15488411958117565,134,302
0.5,0.3,-0.1,LONG,-0.3955267391589424,0.28747346151922176,-0.28374158389384774,-0.1943922679614173,168,0.6397636209830901,0.7537614916399797,-0.13451873388242963,0.15488411958117565,134,302
0.45,0.3,-0.1,LONG,-0.3955267391589424,0.28747346151922176,-0.28374158389384774,-0.1943922679614173,168,0.6397636209830901,0.7537614916399797,-0.13451873388242963,0.15488411958117565,134,302
0.35,0.3,-0.1,LONG,-0.3955267391589424,0.28747346151922176,-0.28374158389384774,-0.1943922679614173,168,0.6397636209830901,0.7537614916399797,-0.13451873388242963,0.15488411958117565,134,302
0.4,0.3,-0.1,LONG,-0.3955267391589424,0.28747346151922176,-0.28374158389384774,-0.1943922679614173,168,0.6397636209830901,0.7537614916399797,-0.13451873388242963,0.15488411958117565,134,302
0.45,0.45,-0.05,OR,-0.3962982369246277,0.2872460764574182,-0.2758851971424383,-0.1532736636707558,104,0.9915191666380998,0.858063813841754,-0.10623956458998285,0.2100615319989263,85,189
0.35,0.3,off,OR,-0.40023291636204195,0.2852466171968039,-0.3306524380241953,-0.2100746953493572,192,0.39797097089800476,0.6651294550673434,-0.31207049302527146,0.0894562098678322,166,358
0.35,0.3,off,LONG,-0.4003696595227971,0.2851308122959888,-0.3118541517280381,-0.20419068399743978,185,0.4354997732176427,0.6797035929374302,-0.3116885401236267,0.10267395348987418,163,348
0.5,0.3,off,LONG,-0.4003696595227971,0.2851308122959888,-0.3118541517280381,-0.20419068399743978,185,0.4354997732176427,0.6797035929374302,-0.3116885401236267,0.10267395348987418,163,348
0.3,0.3,off,LONG,-0.4003696595227971,0.2851308122959888,-0.3118541517280381,-0.20419068399743978,185,0.4354997732176427,0.6797035929374302,-0.3116885401236267,0.10267395348987418,163,348
0.4,0.3,off,LONG,-0.4003696595227971,0.2851308122959888,-0.3118541517280381,-0.20419068399743978,185,0.4354997732176427,0.6797035929374302,-0.3116885401236267,0.10267395348987418,163,348
0.45,0.3,off,LONG,-0.4003696595227971,0.2851308122959888,-0.3118541517280381,-0.20419068399743978,185,0.4354997732176427,0.6797035929374302,-0.3116885401236267,0.10267395348987418,163,348
0.45,0.45,off,OR,-0.40987571224250013,0.28058723747751063,-0.37310360516743024,-0.16622973988429723,120,0.11737743761316884,0.5500641130775434,-0.2750853093436486,0.001026238788088829,107,227
0.35,0.35,off,OR,-0.42180894109903866,0.2748580590076016,-0.3147090249541883,-0.19946775751521073,165,0.015580796048789121,0.5066677463385564,-0.357785039830828,-0.039312799837957435,152,317
0.3,0.45,-0.05,AND,-0.4232783554785551,0.2744156900522783,-0.20518943119184796,-0.12178385507921996,60,1.0921129614758258,0.8819287022311777,-0.09442797775137646,0.21619232595469406,63,123
0.5,0.3,-0.1,OR,-0.43517917276098744,0.2685700794066185,-0.2887481023959637,-0.2085131351051721,169,0.6397636209830877,0.7537614916399791,-0.13451873388242963,0.15488411958117498,134,303
0.4,0.35,off,OR,-0.4396030613937502,0.26644944962273254,-0.3053087918172904,-0.20237650432860343,162,0.16654996066245945,0.5708055463472441,-0.31373547718387895,0.00937067809737191,148,310
0.45,0.35,-0.1,OR,-0.4407213271442545,0.265935397606878,-0.2613608581525808,-0.19326086830074574,145,0.6877751287506562,0.7693512334781428,-0.13541112501167174,0.15809637843727842,122,267
0.35,0.3,0.0,AND,-0.44311999056247936,0.26557160731596396,-0.21396371590834173,-0.12170826516282518,58,0.7264775044372855,0.7846737478472785,-0.09405314646708618,0.12398795993692024,51,109
0.5,0.3,-0.05,OR,-0.45145981559660253,0.26114540933836927,-0.25473299197438803,-0.20276557138567253,156,0.7496488526732782,0.7893972206127413,-0.13451873388242963,0.18367280340199832,125,281
0.4,0.35,-0.05,OR,-0.451701017676939,0.2608751348604421,-0.25937540425008154,-0.19342607604190343,138,0.7746842058698095,0.7965988221855947,-0.13541112501167185,0.178094851143058,115,253
0.5,0.3,off,OR,-0.4809341542535896,0.2475599815425245,-0.3296810214833382,-0.23303344450158436,187,0.4354997732176448,0.6797035929374309,-0.3116885401236267,0.10267395348987507,163,350
0.45,0.3,-0.1,OR,-0.4844410325123784,0.24598660057071492,-0.2887481023959637,-0.2275601499303096,171,0.6397636209830867,0.7537614916399786,-0.13451873388242974,0.15488411958117476,134,305
0.35,0.35,-0.05,AND,-0.4872759462085504,0.24490503389007473,-0.24698701214608587,-0.13400472924656992,66,1.1375423433338112,0.892633832045164,-0.07615125049083016,0.22986705007159225,64,130
0.4,0.3,-0.1,OR,-0.48853075596218837,0.24417837120906677,-0.2897788383294406,-0.22867955855698374,171,0.7089075299266696,0.7764793852625522,-0.13451873388242963,0.17768677174735337,135,306
0.5,0.35,-0.1,OR,-0.4924560863620817,0.24236069226625206,-0.277769420861931,-0.2060492395365463,141,0.8468897809488716,0.8178048758383658,-0.1251960014832395,0.20481219789084104,122,263
0.45,0.3,-0.05,OR,-0.5028228919949029,0.23799730282777348,-0.2701121911875831,-0.2219509004851581,158,0.7496488526732785,0.7893972206127415,-0.13451873388242963,0.18367280340199832,125,283
0.4,0.3,-0.05,OR,-0.5071727891928767,0.23611557528819088,-0.27116993401327416,-0.22307843795476756,158,0.8212966351993194,0.8108175279865686,-0.13451873388242963,0.20704387479947228,126,284
0.45,0.3,off,OR,-0.5281083739754896,0.22684501589038958,-0.3296810214833379,-0.2514903816927081,189,0.43549977321764305,0.6797035929374302,-0.3116885401236267,0.1026739534898744,163,352
0.45,0.35,off,OR,-0.5303582125687403,0.22574522028671912,-0.3043005943295385,-0.23122148718413638,161,0.3877736024188929,0.6608447725985449,-0.3039730356467508,0.08118078188959332,145,306
0.4,0.3,off,OR,-0.5320722733282527,0.22517004878885516,-0.3306524380241952,-0.25257511097461416,189,0.5028906532114855,0.7050695943839452,-0.3116885401236268,0.1284507010325293,164,353
0.45,0.35,-0.05,OR,-0.5483684295248311,0.21816035044809473,-0.2688948239575599,-0.2225947391198485,137,0.835167480128715,0.8143834870066544,-0.13541112501167196,0.19485381467257268,113,250
0.35,0.45,-0.05,AND,-0.554540113184635,0.21631084459093136,-0.23131489819559015,-0.13586909831656513,52,1.3345764278479204,0.9272317101026073,-0.06589750717318243,0.2684105935498424,59,111
0.35,0.4,-0.05,AND,-0.5629193305027957,0.21236813284676148,-0.25399733687587545,-0.14155011159277198,55,1.1379163859371542,0.8919492749123614,-0.06589750717318243,0.22356921760004833,59,114
0.4,0.5,-0.1,OR,-0.5734759273913289,0.2078111580782558,-0.2897794039479379,-0.19152766428029644,96,0.7501759080944751,0.7906053480077473,-0.11493561727407164,0.14719275265891696,79,175
0.5,0.5,-0.1,LONG,-0.5762582869644288,0.20693017338620584,-0.2586430217433108,-0.17403995227432612,74,0.9717685443459906,0.853485646128947,-0.09442797775137657,0.191693779066328,71,145
0.3,0.5,-0.1,LONG,-0.5762582869644288,0.20693017338620584,-0.2586430217433108,-0.17403995227432612,74,0.9717685443459906,0.853485646128947,-0.09442797775137657,0.191693779066328,71,145
0.35,0.5,-0.1,LONG,-0.5762582869644288,0.20693017338620584,-0.2586430217433108,-0.17403995227432612,74,0.9717685443459906,0.853485646128947,-0.09442797775137657,0.191693779066328,71,145
0.45,0.5,-0.1,LONG,-0.5762582869644288,0.20693017338620584,-0.2586430217433108,-0.17403995227432612,74,0.9717685443459906,0.853485646128947,-0.09442797775137657,0.191693779066328,71,145
0.4,0.5,-0.1,LONG,-0.5762582869644288,0.20693017338620584,-0.2586430217433108,-0.17403995227432612,74,0.9717685443459906,0.853485646128947,-0.09442797775137657,0.191693779066328,71,145
0.5,0.35,off,OR,-0.58098969597871,0.20466408828463378,-0.3197552685785232,-0.24340810939407864,157,0.5173823136928196,0.7098150336252242,-0.28426069156932277,0.12479394495946772,145,302
0.45,0.5,0.0,LONG,-0.5849008494986703,0.20397870943249252,-0.23777408282493184,-0.1656866202882712,58,0.992120706522937,0.8591237990410944,-0.09154901051662656,0.16974424133091404,48,106
0.4,0.5,0.0,LONG,-0.5849008494986703,0.20397870943249252,-0.23777408282493184,-0.1656866202882712,58,0.992120706522937,0.8591237990410944,-0.09154901051662656,0.16974424133091404,48,106
0.5,0.5,0.0,LONG,-0.5849008494986703,0.20397870943249252,-0.23777408282493184,-0.1656866202882712,58,0.992120706522937,0.8591237990410944,-0.09154901051662656,0.16974424133091404,48,106
0.35,0.5,0.0,LONG,-0.5849008494986703,0.20397870943249252,-0.23777408282493184,-0.1656866202882712,58,0.992120706522937,0.8591237990410944,-0.09154901051662656,0.16974424133091404,48,106
0.3,0.5,0.0,LONG,-0.5849008494986703,0.20397870943249252,-0.23777408282493184,-0.1656866202882712,58,0.992120706522937,0.8591237990410944,-0.09154901051662656,0.16974424133091404,48,106
0.35,0.3,off,AND,-0.5901030625241568,0.20139446493459306,-0.24528373334248366,-0.1684599173187995,83,0.5638300901961399,0.7281321184258109,-0.1317758140018046,0.11228347254697635,82,165
0.45,0.5,-0.05,LONG,-0.5938830133646867,0.20023317713532474,-0.23777408282493173,-0.17326159820556797,69,1.2185916320823553,0.9070642803028981,-0.09442797775137668,0.24819220077939197,69,138
0.3,0.5,-0.05,LONG,-0.5938830133646867,0.20023317713532474,-0.23777408282493173,-0.17326159820556797,69,1.2185916320823553,0.9070642803028981,-0.09442797775137668,0.24819220077939197,69,138
0.5,0.5,-0.05,LONG,-0.5938830133646867,0.20023317713532474,-0.23777408282493173,-0.17326159820556797,69,1.2185916320823553,0.9070642803028981,-0.09442797775137668,0.24819220077939197,69,138
0.35,0.5,-0.05,LONG,-0.5938830133646867,0.20023317713532474,-0.23777408282493173,-0.17326159820556797,69,1.2185916320823553,0.9070642803028981,-0.09442797775137668,0.24819220077939197,69,138
0.4,0.5,-0.05,LONG,-0.5938830133646867,0.20023317713532474,-0.23777408282493173,-0.17326159820556797,69,1.2185916320823553,0.9070642803028981,-0.09442797775137668,0.24819220077939197,69,138
0.5,0.35,-0.05,OR,-0.6051974510153647,0.19507190672575936,-0.28103693333535207,-0.23550579489922918,133,1.00202093979058,0.858301121886441,-0.12519600148323928,0.24305237233922106,113,246
0.35,0.3,-0.1,AND,-0.6521042534303104,0.17742832682232373,-0.2558871475486464,-0.18014267058016087,77,0.818136625915725,0.8124697130666341,-0.09152340181707808,0.16288482136221116,72,149
0.4,0.45,0.0,AND,-0.6538991153036844,0.17727526818085426,-0.22591157023462138,-0.1366609576227371,38,0.874915195210912,0.8273530597378347,-0.12518470420891314,0.13477503987141803,37,75
0.4,0.45,off,AND,-0.6744428544667755,0.16921895980410562,-0.24312362666454757,-0.15585752450600632,55,0.49847029757838734,0.7038517240710932,-0.19343505408024697,0.0879566856708549,64,119
0.4,0.5,-0.05,OR,-0.6824005878009046,0.1663587162515443,-0.2838781442442391,-0.21619776195195284,92,0.8821588757675938,0.8293313383989794,-0.11493561727407176,0.17435543609215443,76,168
0.35,0.5,off,LONG,-0.6845312995824144,0.16547369198614925,-0.32729487457369566,-0.20956917829885524,84,0.10903752271987949,0.5465065499699332,-0.2321163897725672,0.0011075745597686204,86,170
0.4,0.5,off,LONG,-0.6845312995824144,0.16547369198614925,-0.32729487457369566,-0.20956917829885524,84,0.10903752271987949,0.5465065499699332,-0.2321163897725672,0.0011075745597686204,86,170
0.45,0.5,off,LONG,-0.6845312995824144,0.16547369198614925,-0.32729487457369566,-0.20956917829885524,84,0.10903752271987949,0.5465065499699332,-0.2321163897725672,0.0011075745597686204,86,170
0.5,0.5,off,LONG,-0.6845312995824144,0.16547369198614925,-0.32729487457369566,-0.20956917829885524,84,0.10903752271987949,0.5465065499699332,-0.2321163897725672,0.0011075745597686204,86,170
0.3,0.5,off,LONG,-0.6845312995824144,0.16547369198614925,-0.32729487457369566,-0.20956917829885524,84,0.10903752271987949,0.5465065499699332,-0.2321163897725672,0.0011075745597686204,86,170
0.35,0.3,-0.05,AND,-0.730427150942489,0.1500939775244703,-0.2725022894336935,-0.19423876928953743,71,0.9101668884040661,0.838676018510778,-0.07615125049083016,0.1773885538248683,66,137
0.35,0.3,-0.1,MID,-0.7437163073096661,0.14582244357517327,-0.2611543281650712,-0.2163031091677159,89,1.2121058148533945,0.906612617300462,-0.09152340181707808,0.276707965644043,79,168
0.35,0.35,-0.1,MID,-0.7437163073096661,0.14582244357517327,-0.2611543281650712,-0.2163031091677159,89,1.2121058148533945,0.906612617300462,-0.09152340181707808,0.276707965644043,79,168
0.35,0.4,-0.1,MID,-0.7437163073096661,0.14582244357517327,-0.2611543281650712,-0.2163031091677159,89,1.2121058148533945,0.906612617300462,-0.09152340181707808,0.276707965644043,79,168
0.35,0.45,-0.1,MID,-0.7437163073096661,0.14582244357517327,-0.2611543281650712,-0.2163031091677159,89,1.2121058148533945,0.906612617300462,-0.09152340181707808,0.276707965644043,79,168
0.35,0.5,-0.1,MID,-0.7437163073096661,0.14582244357517327,-0.2611543281650712,-0.2163031091677159,89,1.2121058148533945,0.906612617300462,-0.09152340181707808,0.276707965644043,79,168
0.35,0.4,off,MID,-0.7476334451955507,0.14465923433953298,-0.2649007835585764,-0.22027699106952103,96,0.49148670010881557,0.7010011658630507,-0.13854212509029595,0.10139575493272224,92,188
0.35,0.5,off,MID,-0.7476334451955507,0.14465923433953298,-0.2649007835585764,-0.22027699106952103,96,0.49148670010881557,0.7010011658630507,-0.13854212509029595,0.10139575493272224,92,188
0.35,0.45,off,MID,-0.7476334451955507,0.14465923433953298,-0.2649007835585764,-0.22027699106952103,96,0.49148670010881557,0.7010011658630507,-0.13854212509029595,0.10139575493272224,92,188
0.35,0.35,off,MID,-0.7476334451955507,0.14465923433953298,-0.2649007835585764,-0.22027699106952103,96,0.49148670010881557,0.7010011658630507,-0.13854212509029595,0.10139575493272224,92,188
0.35,0.3,off,MID,-0.7476334451955507,0.14465923433953298,-0.2649007835585764,-0.22027699106952103,96,0.49148670010881557,0.7010011658630507,-0.13854212509029595,0.10139575493272224,92,188
0.4,0.45,-0.1,AND,-0.7539663657137887,0.14195377939344933,-0.25408427740599804,-0.1680819130268677,50,1.1163743443269,0.8869446317573311,-0.09221727939650448,0.21126162655483616,56,106
0.4,0.4,0.0,AND,-0.7758366756642818,0.13426700076442633,-0.24583857304450063,-0.1588854979488915,39,0.6443241825577237,0.7560576441935678,-0.12518470420891326,0.09549600559977,37,76
0.4,0.4,off,AND,-0.7798460735945084,0.1332516544985508,-0.262829978162367,-0.17783597293215536,57,0.4673643676539236,0.6921878867135702,-0.19781432974886937,0.08204958263324325,65,122
0.3,0.5,-0.1,AND,-0.7831842236232298,0.13237937642759884,-0.21476570575491227,-0.1963123985326981,58,0.7456082005982664,0.7898689983886905,-0.09442797775137646,0.13361917783905541,61,119
0.45,0.5,0.0,OR,-0.7892324060358911,0.13104338402074422,-0.2724313900702512,-0.2231794366736124,68,0.8527259273548603,0.8213803850879293,-0.1125224134770354,0.14558764916305456,52,120
0.4,0.5,off,OR,-0.8000469091064244,0.1274772200520094,-0.3678240923697844,-0.25785643360620325,107,-0.01543651189697513,0.4933917889077369,-0.2041582059632141,-0.032215435267862524,96,203
0.35,0.5,off,AND,-0.8026099833479822,0.12685459289480555,-0.21403918517563136,-0.1823627928636422,55,0.17133547848782738,0.5729514426641341,-0.18148357082332045,0.017044489639451488,65,120
0.3,0.5,off,AND,-0.8124706890768904,0.12366802163922591,-0.22711029515447378,-0.20731144194967743,65,-0.18404324818245738,0.4215285411098125,-0.23940010623627972,-0.05991926644686851,71,136
0.35,0.5,0.0,AND,-0.8201455006703149,0.12338506723693893,-0.20169000157245298,-0.16951590304258513,38,0.8603742469316702,0.8246733055513811,-0.07395967462756114,0.1359455716404705,40,78
0.3,0.5,0.0,AND,-0.8414654988931685,0.11633094419859596,-0.21303100452116996,-0.19453693115432924,45,0.8899877773085524,0.8328193394018569,-0.09068089516631583,0.14308486196689296,43,88
0.35,0.45,-0.05,MID,-0.8475591906557444,0.11481811829945482,-0.280606220812916,-0.23693581823002885,84,1.3130855127776482,0.9242008547455353,-0.08693907166428727,0.2926313231653439,73,157
0.35,0.5,-0.05,MID,-0.8475591906557444,0.11481811829945482,-0.280606220812916,-0.23693581823002885,84,1.3130855127776482,0.9242008547455353,-0.08693907166428727,0.2926313231653439,73,157
0.35,0.35,-0.05,MID,-0.8475591906557444,0.11481811829945482,-0.280606220812916,-0.23693581823002885,84,1.3130855127776482,0.9242008547455353,-0.08693907166428727,0.2926313231653439,73,157
0.35,0.4,-0.05,MID,-0.8475591906557444,0.11481811829945482,-0.280606220812916,-0.23693581823002885,84,1.3130855127776482,0.9242008547455353,-0.08693907166428727,0.2926313231653439,73,157
0.35,0.3,-0.05,MID,-0.8475591906557444,0.11481811829945482,-0.280606220812916,-0.23693581823002885,84,1.3130855127776482,0.9242008547455353,-0.08693907166428727,0.2926313231653439,73,157
0.4,0.5,0.0,AND,-0.8519169429438562,0.11358376914138701,-0.19678642477309116,-0.1632161066711192,32,0.5261904727633426,0.714488244413901,-0.121923401362793,0.0744342201939916,36,68
0.4,0.4,-0.1,AND,-0.8606086147530241,0.10957129095237267,-0.2731868757505532,-0.18938699695210404,51,0.9197079406933901,0.8400900330886523,-0.09221727939650448,0.16933509021969684,56,107
0.3,0.5,-0.05,AND,-0.8635464562885304,0.10986489183660864,-0.22528385972882292,-0.2070777331609862,53,1.00199183265017,0.8614965188285493,-0.09442797775137657,0.18736427200389127,59,112
0.4,0.35,off,AND,-0.8957712157031349,0.09965475250828076,-0.28803747459331175,-0.2089144740910981,65,0.5601984056863645,0.7263220422310008,-0.1778267957182199,0.10440451989190969,67,132
0.5,0.5,0.0,OR,-0.9067384327646175,0.09855304768436357,-0.2741582989688407,-0.23946388927558482,63,1.2683798637249373,0.9159748112484387,-0.09154901051662645,0.2253520170050991,50,113
0.4,0.4,0.0,MID,-0.915146058135097,0.09481686468741146,-0.28507166778268944,-0.20947314724228727,54,0.30982873719323223,0.6302943541809769,-0.12518470420891326,0.040220211937445294,43,97
0.4,0.35,0.0,MID,-0.915146058135097,0.09481686468741146,-0.28507166778268944,-0.20947314724228727,54,0.30982873719323223,0.6302943541809769,-0.12518470420891326,0.040220211937445294,43,97
0.4,0.5,0.0,MID,-0.915146058135097,0.09481686468741146,-0.28507166778268944,-0.20947314724228727,54,0.30982873719323223,0.6302943541809769,-0.12518470420891326,0.040220211937445294,43,97
0.4,0.3,0.0,MID,-0.915146058135097,0.09481686468741146,-0.28507166778268944,-0.20947314724228727,54,0.30982873719323223,0.6302943541809769,-0.12518470420891326,0.040220211937445294,43,97
0.4,0.45,0.0,MID,-0.915146058135097,0.09481686468741146,-0.28507166778268944,-0.20947314724228727,54,0.30982873719323223,0.6302943541809769,-0.12518470420891326,0.040220211937445294,43,97
0.4,0.5,off,AND,-0.935274405942146,0.09054748673736229,-0.2274638294392427,-0.1951756737221566,48,0.08748678246224789,0.5373948636181612,-0.2338553212591249,0.00039602829438378784,60,108
0.35,0.5,-0.1,AND,-0.9673806989323762,0.08394576367629475,-0.23941930876224227,-0.20876580555171032,49,0.7342163410828327,0.786539167819225,-0.07904375163830224,0.12814860293382302,58,107
0.4,0.35,-0.1,AND,-0.974161529676978,0.08079095922938712,-0.2980402185246004,-0.22002885955527052,59,0.845470010504881,0.819483076962682,-0.09221727939650448,0.1546474298366245,57,116
0.4,0.45,-0.05,AND,-0.9832332779664971,0.08126363550572296,-0.2881740974076288,-0.2061022107387731,46,1.045460846913744,0.8714697521566492,-0.09221727939650437,0.18862685103789767,53,99
0.45,0.5,-0.1,OR,-0.9907849979174361,0.0788165219452926,-0.3089134967717896,-0.2878657873178765,91,0.8696766961330368,0.826043947596427,-0.11493561727407164,0.17441137435174503,77,168
0.45,0.45,0.0,AND,-0.9916426294741998,0.0793769376865206,-0.22505851708559754,-0.17719570399732743,31,0.774138167072391,0.7986369260731168,-0.09855297281187769,0.10161856951871773,33,64
0.4,0.35,0.0,AND,-0.9933601620783494,0.07585518345886637,-0.28457842772057595,-0.20507101068282585,44,0.6396068429682069,0.7544518449268405,-0.12518470420891326,0.09519708993535225,38,82
0.5,0.5,-0.1,OR,-0.9937994928820018,0.07803591730136139,-0.31055381414644223,-0.2758256617745237,83,1.2093704005240717,0.9049214064676724,-0.09442797775137657,0.24834500075838273,73,156
0.45,0.5,-0.05,OR,-1.0123461918891612,0.07473213702122734,-0.30418059197422187,-0.286223072363351,86,1.0067563287179135,0.8616353551920619,-0.11493561727407164,0.20221852734148738,74,160
0.5,0.5,-0.05,OR,-1.0204008539046225,0.0730291071263052,-0.2911461458273005,-0.2747127170491226,78,1.4599452852825872,0.9437289918506676,-0.09442797775137668,0.3075292673335601,71,149
0.4,0.5,-0.1,AND,-1.0257907822277659,0.07059515671052684,-0.23865125640745233,-0.20683067929417565,43,0.8680815352726134,0.82638027666292,-0.10714031685201686,0.15309668443194524,54,97
0.45,0.45,off,AND,-1.0441621617579617,0.0677854961257075,-0.24662607239197543,-0.20009533906864174,44,1.1119169423302673,0.8855628962529324,-0.09855297281187758,0.20463227888010804,54,98
0.45,0.45,-0.1,AND,-1.0589581236493943,0.06469935820102009,-0.24586433786595763,-0.19928655743255763,40,1.6645435607109589,0.9672166252408821,-0.09855297281187769,0.2941010462907976,48,88
0.45,0.45,-0.05,AND,-1.065593462146481,0.06484942805466382,-0.23973980117083638,-0.19278375016920157,36,1.4344119625750642,0.9426860893498106,-0.09855297281187758,0.23823863361824915,46,82
0.35,0.5,-0.05,AND,-1.0691174351208017,0.06453196384189541,-0.24960722958874282,-0.21936432773499193,44,0.894788193193427,0.8343105844039262,-0.07395967462756092,0.15925086033638536,55,99
0.45,0.5,0.0,AND,-1.0832603682160664,0.06170461156210783,-0.22251386145317076,-0.19001882178266027,29,0.3516941564611736,0.6476907690239686,-0.09855297281187769,0.04020925096609229,31,60
0.4,0.4,-0.05,AND,-1.0901741866837849,0.05965338945195671,-0.3064036693238569,-0.22643361029976905,47,0.842071848318271,0.8187292536814271,-0.09221727939650448,0.14748379344702123,53,100
0.4,0.45,off,MID,-1.0933812489312484,0.05894647550334566,-0.3427250532386079,-0.2732229628551913,82,-0.052247668863444834,0.4776437980960293,-0.19627669641844536,-0.03337978058842228,74,156
0.4,0.4,off,MID,-1.0933812489312484,0.05894647550334566,-0.3427250532386079,-0.2732229628551913,82,-0.052247668863444834,0.4776437980960293,-0.19627669641844536,-0.03337978058842228,74,156
0.4,0.5,off,MID,-1.0933812489312484,0.05894647550334566,-0.3427250532386079,-0.2732229628551913,82,-0.052247668863444834,0.4776437980960293,-0.19627669641844536,-0.03337978058842228,74,156
0.4,0.3,off,MID,-1.0933812489312484,0.05894647550334566,-0.3427250532386079,-0.2732229628551913,82,-0.052247668863444834,0.4776437980960293,-0.19627669641844536,-0.03337978058842228,74,156
0.4,0.35,off,MID,-1.0933812489312484,0.05894647550334566,-0.3427250532386079,-0.2732229628551913,82,-0.052247668863444834,0.4776437980960293,-0.19627669641844536,-0.03337978058842228,74,156
0.4,0.3,-0.1,MID,-1.0959275517977403,0.05826731953505672,-0.33937523158972804,-0.26951892170021896,75,0.4193228477070016,0.674005114548442,-0.11397940432163389,0.06730909342436409,63,138
0.4,0.4,-0.1,MID,-1.0959275517977403,0.05826731953505672,-0.33937523158972804,-0.26951892170021896,75,0.4193228477070016,0.674005114548442,-0.11397940432163389,0.06730909342436409,63,138
0.4,0.35,-0.1,MID,-1.0959275517977403,0.05826731953505672,-0.33937523158972804,-0.26951892170021896,75,0.4193228477070016,0.674005114548442,-0.11397940432163389,0.06730909342436409,63,138
0.4,0.45,-0.1,MID,-1.0959275517977403,0.05826731953505672,-0.33937523158972804,-0.26951892170021896,75,0.4193228477070016,0.674005114548442,-0.11397940432163389,0.06730909342436409,63,138
0.4,0.5,-0.1,MID,-1.0959275517977403,0.05826731953505672,-0.33937523158972804,-0.26951892170021896,75,0.4193228477070016,0.674005114548442,-0.11397940432163389,0.06730909342436409,63,138
0.45,0.4,0.0,AND,-1.1263628988944074,0.052969437766049725,-0.2461939795474395,-0.19963655881671982,32,0.5078043752937992,0.7078288383618834,-0.09855297281187769,0.0634872112969922,33,65
0.45,0.5,off,AND,-1.1282847979817665,0.053190413334796995,-0.2441522375922156,-0.2125615740336162,42,0.614922850456216,0.7463975689486488,-0.09855297281187769,0.09541882022393944,49,91
0.45,0.5,off,OR,-1.1330087695013167,0.052695784257797244,-0.38485557887529886,-0.3314806253903323,102,0.21518324865511493,0.5910896545665429,-0.2250023027460869,0.02692927587830174,93,195
0.4,0.5,-0.05,AND,-1.1397939330401166,0.05173380538916926,-0.2488494652371478,-0.21745512234729847,38,0.9014026516190371,0.8358693984221408,-0.0888330743138922,0.15778235361617132,52,90
0.5,0.5,off,OR,-1.140375443602691,0.05140675833503151,-0.38631564512920247,-0.32017790034901106,94,0.47899601189638424,0.695392557525894,-0.21639377184556952,0.09470756306239148,89,183
0.45,0.5,-0.1,AND,-1.1447519338978092,0.05033144589063398,-0.24338800177791353,-0.21176539697705643,38,1.2080254724282338,0.9077481508358478,-0.09855297281187769,0.1957108625132813,45,83
0.45,0.5,-0.05,AND,-1.1553617076426226,0.05006528274762373,-0.23724335409745934,-0.205363933695348,34,1.079679362162353,0.8816675539117511,-0.0985529728118778,0.17062005721978024,44,78
0.45,0.4,off,AND,-1.1687319913918566,0.045978373198902744,-0.2671733094643892,-0.22191163785624302,45,1.0744119006794635,0.877398542014146,-0.0985529728118778,0.2010300064983399,55,100
0.45,0.4,-0.1,AND,-1.1853603769533363,0.04330341618825046,-0.26643235019925937,-0.22112491462622696,41,1.4454674515241426,0.9440509771715888,-0.0985529728118778,0.25237104270727295,48,89
0.4,0.35,-0.05,AND,-1.1936605630428316,0.04279196440779613,-0.3301211653045697,-0.255675079334311,55,0.7657059179746479,0.7958496252020987,-0.09221727939650448,0.1330706005186688,54,109
0.45,0.4,-0.05,AND,-1.19673430251814,0.04283368323712362,-0.26047485181383023,-0.21479946248173065,37,1.2104133626346845,0.9072649129959955,-0.09855297281187758,0.1983099875776244,46,83
0.4,0.3,off,AND,-1.2184451248979469,0.03996778908645797,-0.3442205918367055,-0.2792548840359661,71,0.37619879963727987,0.6568434731087999,-0.18588620301033576,0.06252641703068096,69,140
0.4,0.3,0.0,AND,-1.2251954648248187,0.03818847393162209,-0.31813589228207373,-0.2505860670963701,48,0.3929537536767666,0.6635790130317459,-0.12731369349729194,0.05366812517693176,40,88
0.4,0.3,-0.05,MID,-1.2863327476492687,0.03257832432248719,-0.36870774254894845,-0.30195313437179816,71,0.32742294219892926,0.6375713729982535,-0.11190053407775702,0.0473643505156327,60,131
0.4,0.4,-0.05,MID,-1.2863327476492687,0.03257832432248719,-0.36870774254894845,-0.30195313437179816,71,0.32742294219892926,0.6375713729982535,-0.11190053407775702,0.0473643505156327,60,131
0.4,0.5,-0.05,MID,-1.2863327476492687,0.03257832432248719,-0.36870774254894845,-0.30195313437179816,71,0.32742294219892926,0.6375713729982535,-0.11190053407775702,0.0473643505156327,60,131
0.4,0.45,-0.05,MID,-1.2863327476492687,0.03257832432248719,-0.36870774254894845,-0.30195313437179816,71,0.32742294219892926,0.6375713729982535,-0.11190053407775702,0.0473643505156327,60,131
0.4,0.35,-0.05,MID,-1.2863327476492687,0.03257832432248719,-0.36870774254894845,-0.30195313437179816,71,0.32742294219892926,0.6375713729982535,-0.11190053407775702,0.0473643505156327,60,131
0.4,0.3,-0.1,AND,-1.2984976197530511,0.03062826866200155,-0.35343398897656453,-0.28938101929933024,65,0.6345618393507496,0.7529963146589733,-0.10199152815282886,0.11086415752632606,59,124
0.5,0.45,0.0,AND,-1.3390755452081646,0.027324274779739234,-0.2657109079094804,-0.2183958479035566,27,1.0945826518639268,0.8834621423500726,-0.07585867366140875,0.13871948548837976,29,56
0.5,0.4,0.0,AND,-1.350875310925922,0.025397956535500348,-0.26581109534900804,-0.21850249107661524,27,1.0945826518639272,0.8834621423500727,-0.07585867366140886,0.13871948548837976,29,56
0.5,0.45,-0.05,AND,-1.3843251085108021,0.023486389347866676,-0.27916095152092857,-0.2327125659997724,33,1.542461536854558,0.9562445718021397,-0.07585867366140875,0.2390123748087294,42,75
0.5,0.4,-0.05,AND,-1.3956084024728383,0.021869143114608365,-0.2792593038175333,-0.23281725577961865,33,1.5814065057005982,0.9603545774319667,-0.07585867366140875,0.25277543093415433,42,75
0.5,0.45,off,AND,-1.4202080097016303,0.020017908913554344,-0.2957625026479327,-0.25038386390121026,40,1.2855922540807585,0.9183828493175502,-0.08882546075196351,0.21748850627964345,48,88
0.5,0.4,off,AND,-1.4305530808997033,0.018707496434004333,-0.2958585898054832,-0.2504861425842432,40,1.3293599362928006,0.9256524604827165,-0.0888254607519634,0.23101247342046638,48,88
0.5,0.45,-0.1,AND,-1.445905170020916,0.017887334639237733,-0.2950504498457437,-0.24962592886894874,36,1.6936580379477182,0.9695684485014313,-0.07585867366140886,0.2663875328896237,43,79
0.5,0.4,-0.1,AND,-1.4568242414396428,0.01658699320425034,-0.2951466341567828,-0.2497283109657067,36,1.7288279712797532,0.9723856810081591,-0.07585867366140875,0.28045467462772766,43,79
0.4,0.3,-0.05,AND,-1.4725078965874627,0.01676742401833576,-0.3763026250451118,-0.31451516890815745,60,0.5482544662024066,0.7226132760159634,-0.09988453075347059,0.09010550366973646,56,116
0.5,0.5,0.0,AND,-1.5582615740155976,0.012406112881348793,-0.2632997414985784,-0.2449054209384055,24,0.3713046180423093,0.6549946343214077,-0.09401314220779522,0.038303797153254715,26,50
0.5,0.5,-0.05,AND,-1.5947804030694939,0.010822844049931004,-0.2767939506760556,-0.25873656064692596,30,0.978794663090912,0.8572130926096662,-0.07585867366140875,0.13688675680688012,38,68
0.5,0.5,off,AND,-1.6179659661903059,0.009392062973315438,-0.2934500158941413,-0.27580850328511164,37,0.47669767716937317,0.69558062683494,-0.11656563262459563,0.06454056110399553,43,80
0.5,0.5,-0.1,AND,-1.6485394434295597,0.008052442205809227,-0.2927356249422808,-0.2750762750432243,33,1.1353921808228618,0.8922001164314884,-0.07585867366140886,0.16200551697460508,39,72
0.45,0.35,0.0,AND,-1.6887737381893393,0.005835555019514728,-0.3186159937798373,-0.29196479971476086,37,0.6412027983860387,0.7553258342223974,-0.09855297281187758,0.08408881399193513,35,72
0.5,0.35,0.0,AND,-1.710708848918262,0.005989869026139879,-0.3015091907111389,-0.2819802201589363,31,1.0880694928234733,0.8819398916259942,-0.07585867366140864,0.13885940469640623,30,61
0.45,0.35,off,AND,-1.7204460904676802,0.005144344185181444,-0.3420843119382335,-0.3163510418278004,52,1.342364833669739,0.9269553821856454,-0.09855297281187769,0.26548514704668835,58,110
0.45,0.35,-0.1,AND,-1.7442147077246726,0.004459405205402795,-0.34141909500353507,-0.3156598060469592,48,1.550702322699193,0.9561120352249637,-0.09855297281187769,0.27663165475265905,50,98
0.45,0.35,-0.05,AND,-1.7740667366571652,0.004048833720966625,-0.3360705839572029,-0.3101020969499628,44,1.320764887329218,0.9259734015806672,-0.09855297281187758,0.22152334266757157,48,92
0.45,0.3,0.0,MID,-1.7754779147402704,0.0043349172998953306,-0.35520104072310577,-0.329980809488187,44,0.23236386304225057,0.5985370564142755,-0.09855297281187769,0.02463985689204007,37,81
0.45,0.45,0.0,MID,-1.7754779147402704,0.0043349172998953306,-0.35520104072310577,-0.329980809488187,44,0.23236386304225057,0.5985370564142755,-0.09855297281187769,0.02463985689204007,37,81
0.45,0.35,0.0,MID,-1.7754779147402704,0.0043349172998953306,-0.35520104072310577,-0.329980809488187,44,0.23236386304225057,0.5985370564142755,-0.09855297281187769,0.02463985689204007,37,81
0.45,0.4,0.0,MID,-1.7754779147402704,0.0043349172998953306,-0.35520104072310577,-0.329980809488187,44,0.23236386304225057,0.5985370564142755,-0.09855297281187769,0.02463985689204007,37,81
0.45,0.5,0.0,MID,-1.7754779147402704,0.0043349172998953306,-0.35520104072310577,-0.329980809488187,44,0.23236386304225057,0.5985370564142755,-0.09855297281187769,0.02463985689204007,37,81
0.5,0.35,-0.05,AND,-1.8072076514789774,0.004012043575544657,-0.32312046910105086,-0.30419572413587015,38,1.5744098675395013,0.9595662168790295,-0.07585867366140886,0.2529293646714481,43,81
0.5,0.3,0.0,AND,-1.818951467333003,0.0037406738366540103,-0.3174658099287909,-0.2983829674324914,32,1.0880694928234722,0.8819398916259938,-0.07585867366140875,0.13885940469640579,30,62
0.5,0.35,off,AND,-1.8236662988878554,0.0035705747784199465,-0.33870959425007185,-0.3202207026446223,45,1.5129246112730006,0.9499589200147875,-0.08882546075196363,0.27258387692677344,50,95
0.5,0.35,-0.1,AND,-1.854240675836552,0.002962404496398589,-0.3380409651466154,-0.31953337946831895,41,1.7210347057984583,0.9717355271731684,-0.07585867366140886,0.2806120094290281,44,85
0.45,0.3,0.0,AND,-1.8718342987790137,0.0025926660057549286,-0.35057689701155315,-0.3251758001409336,40,0.6412027983860386,0.7553258342223974,-0.0985529728118778,0.08408881399193513,35,75
0.5,0.3,-0.05,AND,-1.9365305947093021,0.0022180946000267755,-0.3499090348732211,-0.3317332662798743,41,1.574409867539502,0.9595662168790297,-0.07585867366140864,0.25292936467144833,43,84
0.5,0.3,off,AND,-1.9494278822273836,0.001992320610654315,-0.3648811960200501,-0.3471240312082433,48,1.5129246112730035,0.9499589200147879,-0.08882546075196363,0.2725838769267743,50,98
0.45,0.4,-0.1,MID,-1.9800238418083063,0.0016370043207754811,-0.41222176260792387,-0.3892318013981456,61,1.0222753627649421,0.8670022918676081,-0.1118065436732596,0.17430199938390856,53,114
0.45,0.5,-0.1,MID,-1.9800238418083063,0.0016370043207754811,-0.41222176260792387,-0.3892318013981456,61,1.0222753627649421,0.8670022918676081,-0.1118065436732596,0.17430199938390856,53,114
0.45,0.3,-0.1,MID,-1.9800238418083063,0.0016370043207754811,-0.41222176260792387,-0.3892318013981456,61,1.0222753627649421,0.8670022918676081,-0.1118065436732596,0.17430199938390856,53,114
0.45,0.35,-0.1,MID,-1.9800238418083063,0.0016370043207754811,-0.41222176260792387,-0.3892318013981456,61,1.0222753627649421,0.8670022918676081,-0.1118065436732596,0.17430199938390856,53,114
0.45,0.45,-0.1,MID,-1.9800238418083063,0.0016370043207754811,-0.41222176260792387,-0.3892318013981456,61,1.0222753627649421,0.8670022918676081,-0.1118065436732596,0.17430199938390856,53,114
0.5,0.3,-0.1,AND,-1.980023925282843,0.0016322454695581832,-0.3642390289587999,-0.34646390992130827,44,1.7210347057984625,0.9717355271731687,-0.07585867366140886,0.28061200942902875,44,88
0.45,0.3,off,AND,-1.994327321588017,0.0014493943188879335,-0.39400242970367017,-0.37029984980525976,57,1.3423648336697367,0.9269553821856451,-0.09855297281187769,0.2654851470466879,58,115
0.45,0.5,-0.05,MID,-2.001100992605671,0.0015388963880394134,-0.4066405506037015,-0.38343228963507214,57,0.7808382907491351,0.801223795400357,-0.11180654367325982,0.12361094780041237,51,108
0.45,0.4,-0.05,MID,-2.001100992605671,0.0015388963880394134,-0.4066405506037015,-0.38343228963507214,57,0.7808382907491351,0.801223795400357,-0.11180654367325982,0.12361094780041237,51,108
0.45,0.45,-0.05,MID,-2.001100992605671,0.0015388963880394134,-0.4066405506037015,-0.38343228963507214,57,0.7808382907491351,0.801223795400357,-0.11180654367325982,0.12361094780041237,51,108
0.45,0.35,-0.05,MID,-2.001100992605671,0.0015388963880394134,-0.4066405506037015,-0.38343228963507214,57,0.7808382907491351,0.801223795400357,-0.11180654367325982,0.12361094780041237,51,108
0.45,0.3,-0.05,MID,-2.001100992605671,0.0015388963880394134,-0.4066405506037015,-0.38343228963507214,57,0.7808382907491351,0.801223795400357,-0.11180654367325982,0.12361094780041237,51,108
0.45,0.3,-0.05,AND,-2.008653143750981,0.001355674749325614,-0.38184189066147145,-0.35766367164768564,48,1.320764887329216,0.9259734015806669,-0.09855297281187769,0.22152334266757134,48,96
0.45,0.3,-0.1,AND,-2.0194626905086643,0.0012192948841574201,-0.39338970705020226,-0.36966316153153,53,1.5507023226991994,0.9561120352249642,-0.09855297281187769,0.2766316547526604,50,103
0.45,0.35,off,MID,-2.032292752519236,0.001300397716455299,-0.42400073208690037,-0.40147148553817247,66,0.8804104880928866,0.8287396890793761,-0.1118065436732597,0.1640489508741514,61,127
0.45,0.3,off,MID,-2.032292752519236,0.001300397716455299,-0.42400073208690037,-0.40147148553817247,66,0.8804104880928866,0.8287396890793761,-0.1118065436732597,0.1640489508741514,61,127
0.45,0.5,off,MID,-2.032292752519236,0.001300397716455299,-0.42400073208690037,-0.40147148553817247,66,0.8804104880928866,0.8287396890793761,-0.1118065436732597,0.1640489508741514,61,127
0.45,0.4,off,MID,-2.032292752519236,0.001300397716455299,-0.42400073208690037,-0.40147148553817247,66,0.8804104880928866,0.8287396890793761,-0.1118065436732597,0.1640489508741514,61,127
0.45,0.45,off,MID,-2.032292752519236,0.001300397716455299,-0.42400073208690037,-0.40147148553817247,66,0.8804104880928866,0.8287396890793761,-0.1118065436732597,0.1640489508741514,61,127
0.5,0.45,0.0,MID,-2.064216306111731,0.0011399851866182357,-0.355093106671887,-0.337062278547549,34,1.0400977037434749,0.8710884166379607,-0.07585867366140886,0.1328940521596249,31,65
0.5,0.5,0.0,MID,-2.064216306111731,0.0011399851866182357,-0.355093106671887,-0.337062278547549,34,1.0400977037434749,0.8710884166379607,-0.07585867366140886,0.1328940521596249,31,65
0.5,0.35,0.0,MID,-2.064216306111731,0.0011399851866182357,-0.355093106671887,-0.337062278547549,34,1.0400977037434749,0.8710884166379607,-0.07585867366140886,0.1328940521596249,31,65
0.5,0.3,0.0,MID,-2.064216306111731,0.0011399851866182357,-0.355093106671887,-0.337062278547549,34,1.0400977037434749,0.8710884166379607,-0.07585867366140886,0.1328940521596249,31,65
0.5,0.4,0.0,MID,-2.064216306111731,0.0011399851866182357,-0.355093106671887,-0.337062278547549,34,1.0400977037434749,0.8710884166379607,-0.07585867366140886,0.1328940521596249,31,65
0.5,0.35,-0.05,MID,-2.1321488475145856,0.0008425796584748346,-0.3836649475971551,-0.366432954092588,45,1.5325638133566652,0.9551665165019138,-0.07585867366140886,0.24636651298569312,44,89
0.5,0.3,-0.05,MID,-2.1321488475145856,0.0008425796584748346,-0.3836649475971551,-0.366432954092588,45,1.5325638133566652,0.9551665165019138,-0.07585867366140886,0.24636651298569312,44,89
0.5,0.5,-0.05,MID,-2.1321488475145856,0.0008425796584748346,-0.3836649475971551,-0.366432954092588,45,1.5325638133566652,0.9551665165019138,-0.07585867366140886,0.24636651298569312,44,89
0.5,0.4,-0.05,MID,-2.1321488475145856,0.0008425796584748346,-0.3836649475971551,-0.366432954092588,45,1.5325638133566652,0.9551665165019138,-0.07585867366140886,0.24636651298569312,44,89
0.5,0.45,-0.05,MID,-2.1321488475145856,0.0008425796584748346,-0.3836649475971551,-0.366432954092588,45,1.5325638133566652,0.9551665165019138,-0.07585867366140886,0.24636651298569312,44,89
0.5,0.35,-0.1,MID,-2.1716612092033323,0.0006098128754966352,-0.39760863267911994,-0.38076648799107793,48,1.6784814831441102,0.9683897765826881,-0.07585867366140886,0.2739041558804902,45,93
0.5,0.4,-0.1,MID,-2.1716612092033323,0.0006098128754966352,-0.39760863267911994,-0.38076648799107793,48,1.6784814831441102,0.9683897765826881,-0.07585867366140886,0.2739041558804902,45,93
0.5,0.3,-0.1,MID,-2.1716612092033323,0.0006098128754966352,-0.39760863267911994,-0.38076648799107793,48,1.6784814831441102,0.9683897765826881,-0.07585867366140886,0.2739041558804902,45,93
0.5,0.5,-0.1,MID,-2.1716612092033323,0.0006098128754966352,-0.39760863267911994,-0.38076648799107793,48,1.6784814831441102,0.9683897765826881,-0.07585867366140886,0.2739041558804902,45,93
0.5,0.45,-0.1,MID,-2.1716612092033323,0.0006098128754966352,-0.39760863267911994,-0.38076648799107793,48,1.6784814831441102,0.9683897765826881,-0.07585867366140886,0.2739041558804902,45,93
0.5,0.45,off,MID,-2.2199061624821836,0.0005007303652206837,-0.4096804466366314,-0.3931758154794087,53,1.4764887142778766,0.9456713948470068,-0.08882546075196363,0.2659180747854506,51,104
0.5,0.35,off,MID,-2.2199061624821836,0.0005007303652206837,-0.4096804466366314,-0.3931758154794087,53,1.4764887142778766,0.9456713948470068,-0.08882546075196363,0.2659180747854506,51,104
0.5,0.5,off,MID,-2.2199061624821836,0.0005007303652206837,-0.4096804466366314,-0.3931758154794087,53,1.4764887142778766,0.9456713948470068,-0.08882546075196363,0.2659180747854506,51,104
0.5,0.4,off,MID,-2.2199061624821836,0.0005007303652206837,-0.4096804466366314,-0.3931758154794087,53,1.4764887142778766,0.9456713948470068,-0.08882546075196363,0.2659180747854506,51,104
0.5,0.3,off,MID,-2.2199061624821836,0.0005007303652206837,-0.4096804466366314,-0.3931758154794087,53,1.4764887142778766,0.9456713948470068,-0.08882546075196363,0.2659180747854506,51,104
